{
  "accuracy": 0.7003676470588235,
  "log_loss": 0.6126984018057687
}